Task;N_Valid_Runs;accuracy_mean;accuracy_std;roc_auc_mean;roc_auc_std;f1_macro_mean;f1_macro_std;precision_macro_mean;precision_macro_std;recall_macro_mean;recall_macro_std
ft;10;0.8586206896551722;0.0787167524977652;0.868157894736842;0.09812374960729946;0.8420521903367864;0.08058133843983238;0.8654372737237186;0.08108787987860068;0.8399999999999999;0.07337864796535681
hm;10;0.6965517241379311;0.07930201522142684;0.7402631578947367;0.07767047296083622;0.6765858022452449;0.08667486440026939;0.6791133582619651;0.08597261114147892;0.6902631578947369;0.09332978821917805
