Model_Key;N_Valid_Runs;accuracy_mean;accuracy_std;roc_auc_mean;roc_auc_std;f1_macro_mean;f1_macro_std;precision_macro_mean;precision_macro_std;recall_macro_mean;recall_macro_std
ft;1000;0.848207;0.078281;0.868171;0.082151;0.836285;0.082150;0.841116;0.080961;0.846239;0.078314
hm;1000;0.683828;0.076746;0.747787;0.086097;0.664179;0.078456;0.671760;0.075731;0.679534;0.079730
stacked;1000;0.845241;0.076212;0.918303;0.062687;0.833641;0.079835;0.838235;0.077946;0.845729;0.076717
