Model_Key;N_Valid_Runs;accuracy_mean;accuracy_std;f1_macro_mean;f1_macro_std;precision_macro_mean;precision_macro_std;recall_macro_mean;recall_macro_std;roc_auc_mean;roc_auc_std
ft;98;0.610846;0.120801;0.555747;0.114953;0.571971;0.113241;0.607925;0.118674;0.634503;0.163549
hm;98;0.559489;0.117093;0.512623;0.118799;0.547792;0.115178;0.563915;0.125849;0.594026;0.128944
stacked;98;0.583530;0.124723;0.532154;0.116126;0.558042;0.103715;0.578684;0.129668;0.602147;0.163272
