{
    "fixed_model": {
        "task": "ft",
        "grid_search": null,
        "n_features_used": 5,
        "mean_cv_mse": 0.4857260958399999,
        "cv_r2": 0.894795753662735,
        "permutation_test_p": 0.009900990099009901,
        "selected_features": [
            "ft_stdamplitude",
            "ft_meanrmsvelocity",
            "ft_rangecycleduration",
            "ft_cvspeed",
            "ft_cvclosingspeed"
        ],
        "predicted_vs_actual_plot": "predicted_vs_actual_ft.png",
        "model_type": "Fixed 5-feature"
    },
    "grid_search_model": {
        "task": "ft",
        "grid_search": {
            "best_n": 11,
            "best_score": -0.40642072599999995,
            "grid_results": {
                "3": -0.5450250102399999,
                "4": -0.56308930152,
                "5": -0.4857260958399999,
                "6": -0.4768660552799998,
                "7": -0.42636557447999973,
                "8": -0.4375893167999999,
                "9": -0.43872178424,
                "10": -0.4319958561599999,
                "11": -0.40642072599999995,
                "12": -0.4076373031999999,
                "13": -0.43697438215999984,
                "14": -0.4336516302399997,
                "15": -0.46299014983999986
            },
            "scree_plot": "scree_plot_ft.png"
        },
        "n_features_used": 11,
        "mean_cv_mse": 0.40642072599999995,
        "cv_r2": 0.9119726394343068,
        "permutation_test_p": 0.009900990099009901,
        "selected_features": [
            "ft_meanamplitude",
            "ft_stdamplitude",
            "ft_meanrmsvelocity",
            "ft_meanopeningspeed",
            "ft_meancycleduration",
            "ft_rangecycleduration",
            "ft_rate",
            "ft_cvcycleduration",
            "ft_cvspeed",
            "ft_cvrmsvelocity",
            "ft_cvclosingspeed"
        ],
        "predicted_vs_actual_plot": "predicted_vs_actual_ft.png",
        "model_type": "Grid Search"
    }
}