{
    "fixed_model": {
        "task": "hm",
        "grid_search": null,
        "n_features_used": 5,
        "mean_cv_mse": 0.7790282224099371,
        "cv_r2": 0.8312689441312339,
        "permutation_test_p": 0.009900990099009901,
        "selected_features": [
            "hm_stdamplitude",
            "hm_meanspeed",
            "hm_rangecycleduration",
            "hm_cvspeed",
            "hm_cvclosingspeed"
        ],
        "predicted_vs_actual_plot": "predicted_vs_actual_hm.png",
        "model_type": "Fixed 5-feature"
    },
    "grid_search_model": {
        "task": "hm",
        "grid_search": {
            "best_n": 12,
            "best_score": -0.7039307503135073,
            "grid_results": {
                "3": -0.8613274898462276,
                "4": -0.8254581690693762,
                "5": -0.7790282224099371,
                "6": -0.7799715285201316,
                "7": -0.766551334868081,
                "8": -0.7549543849196215,
                "9": -0.7201679378808343,
                "10": -0.7155115137158897,
                "11": -0.728889390853246,
                "12": -0.7039307503135073,
                "13": -0.7107082530588025,
                "14": -0.7241080781377924,
                "15": -0.7452917600830201
            },
            "scree_plot": "scree_plot_hm.png"
        },
        "n_features_used": 12,
        "mean_cv_mse": 0.7039307503135073,
        "cv_r2": 0.84753443412941,
        "permutation_test_p": 0.009900990099009901,
        "selected_features": [
            "hm_meanamplitude",
            "hm_stdamplitude",
            "hm_meanspeed",
            "hm_stdspeed",
            "hm_meanopeningspeed",
            "hm_meancycleduration",
            "hm_rangecycleduration",
            "hm_rate",
            "hm_velocitydecay",
            "hm_cvspeed",
            "hm_cvrmsvelocity",
            "hm_cvclosingspeed"
        ],
        "predicted_vs_actual_plot": "predicted_vs_actual_hm.png",
        "model_type": "Grid Search"
    }
}